abad|abd
abogada|abga|abgda|abg.da
abogado|abg|abgdo|abg.do
actuaria|act
actuario|act
administrador|admor|adm.or|admr
administradora|admora|adm.ora|admra
agrimensor|agrim
alcalde|alcde
alférez|alf|alferez|alfz
almirante|alm|almte|alte
alteza
arquitecto|arq
arquitecta|arqa
arquitectors|arqs|arqos
arzobispo|arz
barón|baron|bar
baronesa
brigadier|brg|bg|brig
brigadier general|brg general|brg gral|brg genl|brg gnal|brg gn|bg general|bg gral|bg genl|bg gnal|bg gn|brig general|brig gral|brig genl|brig gnal|brig gn
caballero|cab
cabo primero|cp|c.p.|c.p|c p
cabo segundo|cs|c.s.|c.s|c s
cabo tercero|ct|c.t.|c.t|c t
cacique|cque
capitán|cap|capt|ctn|cptn|capitan
cardenal|card|cnal
clérigo|clg|clerigo
comandante|cmdt|cmte|comte|cte
comisario|cmro
conde|cde
condesa|cdesa
consejal|cjal
consejero|cons|consejo
contralmirante|contralmte
coronel|cnel|col|crn|crnl|crnel
diácono|diac|diacono
diácona|diaca|diacona
diputado|dip
director|dir
directora|dira|dir.a
diseñador industrial|di|d.i.|d.i|d i|dienador indutrial
diseñadora industrial|di|d.i.|d.i|d i|dienadora indutrial
doctor|dr
doctora|dra
don|d
doña|dona|dª|dna|d.a|d.ª
dragoneante|dg
duque|dq
duquesa|dqsa|dqa
embajador|emb
enfermera|enf|enfa
escritor
escritora
excelencia|exca|exc.a
excelentisima|excma
excelentisimo|excmo
familia|fam
físico|fis|fisico
fray|fr
gendarme|gdme
general|gral|genl|gnal|gn
geógrafa|geoga
geógrafo|geog
gobernadora|gdora|goba
gobernador|gdor|gob
hermana|hna
hermanas|hnas
hermano|hno
hermanos|hnos
infanta|infa|infta
infante|inf|infte
ingeniera|inga
ingeniero|ing|ingo
ingenieros|ings|ingos
ingeniero químico|iq|i q
inspector|insp
intendente|int
jefe|jf
juez|jz
licenciada|lda|lica|lic.a
licenciado|ldo|lic|lico|lic.o
locutor|loc
madre|me|m.e
maestro|mstro|mtro
majestad
mariscal|mscal
marques|mq|marqs
marquesa|mqa|marqsa
matemático|mat|matematico
mayor|my|may
mayor de brigada|may brig|my brig
mayor general|mg|m.g.|m.g|m g|my gen|my gral
ministerio|min
ministro|mtro
monseñor|monsenor|mons|msnr
notario|not
nuestra señora|nuestra senora|ns|n s|ntra sra
obispo|ob|obpo
padre|pe|p.e|pdre|p.dre
piloto fluvial|plto flvial
presbítero|pbro|presbitero
presidenta|pdta|presa|pres.a|presida|presid.a|pta
presidente|pdte|pres|presid|pte
príncipe|principe
principal|pral
procurador|proc
profesor|prof|profr
profesora|prof.ª|prof.a|profª|profa|profrª|profra
psicóloga|psic|psicologa
psiquiatra|psiq
químico|quim|quím|quimico
químico farmacobiólogo|qfb|q.fb|q fb|quimico farmacobiologo
reina|ra
reverendo|rvdo|rdo|rvd|rev
reverendo|rvdo|rdo|rvd|rev
reverendisima|rma|rvdma
reverendisimo|rmo|rvdmo
rey
reyes
san|s
santa|stª|st.ª|sta|st.a
sant|st
santo|stº|st°|sto|st.o|st.º|st.°
sargento|sarg|sgto|sargto
sargento ayudante|sarg ay|sgto ay|sargto ay
sargento mayor|sm|s.m.|s.m|s m|sarg my|sgto my|sargto my
sargento primero|sp|s.p.|s.p|s p
sargento segundo|sg|s.g.|s.g|s g
sargento viceprimero|sargento vice primero|sv|s.v.|s.v|s v
secretario|secreto|secto|sect.o
secretaria|secreta|secta|sect.a
senador|sen
señor|sr|senor
señora|sª|s.ª|srª|sra|sr.ª|s.ra|senora
señores|srs|sres|s.res|senores
señorita|srta|s.rta|senorita
serenisima|serma|ser.ma
serenisimo|sermo|ser.mo
soldado|sold
subteniente|subte|stn
técnico|tec|tecnico
teniente|tn|tte
teniente coronel|tcnl|tte cnel|tte col|tn cnel|tn col
teniente general|tn gral|tte gral|tn gen|tte gen
teniente primero|tte pro|tn pro
trabajador social|ts|t.s.|t.s|t s
trabajadora social|ts|t.s.|t.s|t s
vicealmirante|vice almirante|v alm|v alte|v almte
vizconde|vde
vizcondesa|vdesa